{"stats":{"minecraft:picked_up":{"minecraft:wheat_seeds":3,"minecraft:dirt":2},"minecraft:custom":{"minecraft:jump":20,"minecraft:time_since_rest":902,"minecraft:leave_game":1,"minecraft:sprint_one_cm":2546,"minecraft:play_time":902,"minecraft:time_since_death":902,"minecraft:walk_one_cm":579,"minecraft:total_world_time":902,"minecraft:fall_one_cm":836,"minecraft:drop":3,"minecraft:fly_one_cm":4729},"minecraft:dropped":{"minecraft:dirt":2,"minecraft:wheat_seeds":3},"minecraft:mined":{"minecraft:grass":10,"minecraft:grass_block":2,"minecraft:fern":2}},"DataVersion":3465}